1;0;0
1;0.2;10
1;0.35;20
1;0.475;30
1;0.5;33
1;0.575;40
1;0.675;50
1;0.75;60
1;0.8;70
1;0.875;80
1;1;90
1;1.175;100
6;0;0
6;0.2;10
6;0.35;20
6;0.475;30
6;0.5;33
6;0.575;40
6;0.675;50
6;0.75;60
6;0.8;70
6;0.875;80
6;1;90
6;1.175;100
2;0;0
2;0.25;10
2;0.5;20
2;0.725;30
2;0.8375;40
2;1;50
2;10.675;60
2;11.575;70
2;1.325;80
2;1.5;90
2;1.9;100
7;0;0
7;0.25;10
7;0.5;20
7;0.725;30
7;0.8375;40
7;1;50
7;10.675;60
7;11.575;70
7;1.325;80
7;1.5;90
7;1.9;100
11;0;0
11;0.25;10
11;0.5;20
11;0.725;30
11;0.8375;40
11;1;50
11;1.0675;60
11;1.1575;70
11;1.325;80
11;1.5;90
11;1.9;100
15;0;0
15;0.25;10
15;0.5;20
15;0.725;30
15;0.8375;40
15;1;50
15;1.0675;60
15;1.1575;70
15;1.325;80
15;1.5;90
15;1.9;100
20;0;0
20;0.25;10
20;0.5;20
20;0.725;30
20;0.8375;40
20;1;50
20;1.0675;60
20;1.1575;70
20;1.325;80
20;1.5;90
20;1.9;100
3;0;0
3;0.4;10
3;0.5;13
3;0.75;20
3;1;29
3;1.05;30
3;1.23;40
3;1.38;50
3;1.5;60
3;1.63;70
3;1.8;80
3;2;90
3;2.5;100
8;0;0
8;0.4;10
8;0.5;13
8;0.75;20
8;1;29
8;1.05;30
8;1.23;40
8;1.38;50
8;1.5;60
8;1.63;70
8;1.8;80
8;2;90
8;2.5;100
12;0;0
12;0.4;10
12;0.5;13
12;0.75;20
12;1;29
12;1.05;30
12;1.23;40
12;1.38;50
12;1.5;60
12;1.63;70
12;1.8;80
12;2;90
12;2.5;100
16;0;0
16;0.4;10
16;0.5;13
16;0.75;20
16;1;29
16;1.05;30
16;1.23;40
16;1.38;50
16;1.5;60
16;1.63;70
16;1.8;80
16;2;90
16;2.5;100
21;0;0
21;0.4;10
21;0.5;13
21;0.75;20
21;1;29
21;1.05;30
21;1.23;40
21;1.38;50
21;1.5;60
21;1.63;70
21;1.8;80
21;2;90
21;2.5;100
25;0;0
25;0.4;10
25;0.5;13
25;0.75;20
25;1;29
25;1.05;30
25;1.23;40
25;1.38;50
25;1.5;60
25;1.63;70
25;1.8;80
25;2;90
25;2.5;100
4;0;0
4;0.5;8
4;0.6;10
4;1;16
4;1.13;20
4;1.5;30
4;1.7;40
4;1.9;50
4;2;52
4;2.18;60
4;2.38;70
4;2.5;80
4;2.75;90
4;3;95
4;3.25;100
9;0;0
9;0.5;8
9;0.6;10
9;1;16
9;1.13;20
9;1.5;30
9;1.7;40
9;1.9;50
9;2;52
9;2.18;60
9;2.38;70
9;2.5;80
9;2.75;90
9;3;95
9;3.25;100
13;0;0
13;0.5;8
13;0.6;10
13;1;16
13;1.13;20
13;1.5;30
13;1.7;40
13;1.9;50
13;2;52
13;2.18;60
13;2.38;70
13;2.5;80
13;2.75;90
13;3;95
13;3.25;100
17;0;0
17;0.5;8
17;0.6;10
17;1;16
17;1.13;20
17;1.5;30
17;1.7;40
17;1.9;50
17;2;52
17;2.18;60
17;2.38;70
17;2.5;80
17;2.75;90
17;3;95
17;3.25;100
22;0;0
22;0.5;8
22;0.6;10
22;1;16
22;1.13;20
22;1.5;30
22;1.7;40
22;1.9;50
22;2;52
22;2.18;60
22;2.38;70
22;2.5;80
22;2.75;90
22;3;95
22;3.25;100
26;0;0
26;0.5;8
26;0.6;10
26;1;16
26;1.13;20
26;1.5;30
26;1.7;40
26;1.9;50
26;2;52
26;2.18;60
26;2.38;70
26;2.5;80
26;2.75;90
26;3;95
26;3.25;100
5;0;0
5;0.5;5
5;0.83;10
5;1;13
5;1.5;20
5;1.83;30
5;2;34
5;2.18;40
5;2.4;50
5;2.5;53
5;2.68;60
5;3;70
5;3.25;80
5;3.5;86
5;3.68;90
5;4;98
5;4.13;100
10;0;0
10;0.5;5
10;0.83;10
10;1;13
10;1.5;20
10;1.83;30
10;2;34
10;2.18;40
10;2.4;50
10;2.5;53
10;2.68;60
10;3;70
10;3.25;80
10;3.5;86
10;3.68;90
10;4;98
10;4.13;100
14;0;0
14;0.5;5
14;0.83;10
14;1;13
14;1.5;20
14;1.83;30
14;2;34
14;2.18;40
14;2.4;50
14;2.5;53
14;2.68;60
14;3;70
14;3.25;80
14;3.5;86
14;3.68;90
14;4;98
14;4.13;100
18;0;0
18;0.5;5
18;0.83;10
18;1;13
18;1.5;20
18;1.83;30
18;2;34
18;2.18;40
18;2.4;50
18;2.5;53
18;2.68;60
18;3;70
18;3.25;80
18;3.5;86
18;3.68;90
18;4;98
18;4.13;100
23;0;0
23;0.5;5
23;0.83;10
23;1;13
23;1.5;20
23;1.83;30
23;2;34
23;2.18;40
23;2.4;50
23;2.5;53
23;2.68;60
23;3;70
23;3.25;80
23;3.5;86
23;3.68;90
23;4;98
23;4.13;100
27;0;0
27;0.5;5
27;0.83;10
27;1;13
27;1.5;20
27;1.83;30
27;2;34
27;2.18;40
27;2.4;50
27;2.5;53
27;2.68;60
27;3;70
27;3.25;80
27;3.5;86
27;3.68;90
27;4;98
27;4.13;100
19;0;0
19;0.5;4
19;1;10
19;1.5;15
19;1.75;20
19;2;23
19;2.35;30
19;2.5;33
19;2.825;40
19;3;44
19;3.2;50
19;3.5;60
19;3.85;70
19;4;75
19;4.15;80
19;4.5;90
19;4.925;100
24;0;0
24;0.5;4
24;1;10
24;1.5;15
24;1.75;20
24;2;23
24;2.35;30
24;2.5;33
24;2.825;40
24;3;44
24;3.2;50
24;3.5;60
24;3.85;70
24;4;75
24;4.15;80
24;4.5;90
24;4.925;100
28;0;0
28;0.5;4
28;1;10
28;1.5;15
28;1.75;20
28;2;23
28;2.35;30
28;2.5;33
28;2.825;40
28;3;44
28;3.2;50
28;3.5;60
28;3.85;70
28;4;75
28;4.15;80
28;4.5;90
28;4.925;100
29;0;0
29;0.5;3
29;1;7
29;1.275;10
29;1.5;12
29;2;20
29;2.5;27
29;2.675;30
29;3;35
29;3.25;40
29;3.5;45
29;3.7;50
29;4;57
29;4.1;60
29;4.5;70
29;5;80
29;5.5;90
29;6;100
30;0;0
30;1;26
30;2;55
30;3;95
30;3.5;100
31;0;0
31;1;15
31;2;36
31;3;70
31;4;90
31;5;100
32;0;0
32;1;9
32;2;20
32;3;42
32;4;73
32;5;97
32;5.5;100
33;0;0
33;1;8
33;2;18
33;3;33
33;4;55
33;5;82
33;6;100
34;0;0
34;1;6
34;2;14
34;3;26
34;4;43
34;5;70
34;6.75;100
35;0;0
35;1;4
35;2;9
35;3;18
35;4;30
35;5;48
35;6;70
35;7;88
35;8;100
36;0;0
36;1;3
36;1.5;4
36;2;6
36;2.5;9
36;3;12
36;3.5;17
36;4;21
36;4.5;27
36;5;35
36;5.5;42
36;6;50
36;6.5;58
36;7;68
36;7.5;76
36;8;84
36;8.5;90
36;9;95
36;9.75;100
37;0;0
37;1;2
37;1.5;3
37;2;4
37;2.5;6
37;3;9
37;3.5;11
37;4;15
37;4.5;17
37;5;22
37;5.5;27
37;6;34
37;6.5;40
37;7;47
37;7.5;56
37;8;64
37;8.5;72
37;9;80
37;9.5;87
37;10;93
37;10.5;97
37;11;100
38;0;0
38;1;9
38;2;20
38;3;42
38;4;73
38;5;97
38;5.5;100
39;0;0
39;1;8
39;2;18
39;3;33
39;4;55
39;5;82
39;6;100
40;0;0
40;1;6
40;2;14
40;3;26
40;4;43
40;5;70
40;6.75;100
41;0;0
41;1;4
41;2;9
41;3;18
41;4;30
41;5;48
41;6;70
41;7;88
41;8;100
42;0;0
42;1;3
42;1.5;4
42;2;6
42;2.5;9
42;3;12
42;3.5;17
42;4;21
42;4.5;27
42;5;35
42;5.5;42
42;6;50
42;6.5;58
42;7;68
42;7.5;76
42;8;84
42;8.5;90
42;9;95
42;9.75;100
43;0;0
43;1;2
43;1.5;3
43;2;4
43;2.5;6
43;3;9
43;3.5;11
43;4;15
43;4.5;17
43;5;22
43;5.5;27
43;6;34
43;6.5;40
43;7;47
43;7.5;56
43;8;64
43;8.5;72
43;9;80
43;9.5;87
43;10;93
43;10.5;97
43;11;100
44;0;0
44;1;1
44;1.5;2
44;2;3
44;2.5;4
44;3;6
44;3.5;8
44;4;10
44;4.5;14
44;5;17
44;5.5;21
44;6;26
44;6.5;30
44;7;35
44;7.5;42
44;8;48
44;8.5;54
44;9;59
44;9.5;65
44;10;72
44;10.5;76
44;11;82
44;11.5;86
44;12;91
44;12.5;96
44;13;100
45;0;0
45;1;8
45;2;18
45;3;33
45;4;55
45;5;82
45;6;100
46;0;0
46;1;6
46;2;14
46;3;26
46;4;43
46;5;70
46;6.75;100
47;0;0
47;1;4
47;2;9
47;3;18
47;4;30
47;5;48
47;6;70
47;7;88
47;8;100
48;0;0
48;1;3
48;1.5;4
48;2;6
48;2.5;9
48;3;12
48;3.5;17
48;4;21
48;4.5;27
48;5;35
48;5.5;42
48;6;50
48;6.5;58
48;7;68
48;7.5;76
48;8;84
48;8.5;90
48;9;95
48;9.75;100
49;0;0
49;1;2
49;1.5;3
49;2;4
49;2.5;6
49;3;9
49;3.5;11
49;4;15
49;4.5;17
49;5;22
49;5.5;27
49;6;34
49;6.5;40
49;7;47
49;7.5;56
49;8;64
49;8.5;72
49;9;80
49;9.5;87
49;10;93
49;10.5;97
49;11;100
50;0;0
50;1;1
50;1.5;2
50;2;3
50;2.5;4
50;3;6
50;3.5;8
50;4;10
50;4.5;14
50;5;17
50;5.5;21
50;6;26
50;6.5;30
50;7;35
50;7.5;42
50;8;48
50;8.5;54
50;9;59
50;9.5;65
50;10;72
50;10.5;76
50;11;82
50;11.5;86
50;12;91
50;12.5;96
50;13;100
51;0;0
51;1;4
51;2;9
51;3;18
51;4;30
51;5;48
51;6;70
51;7;88
51;8;100
52;0;0
52;1;3
52;1.5;4
52;2;6
52;2.5;9
52;3;12
52;3.5;17
52;4;21
52;4.5;27
52;5;35
52;5.5;42
52;6;50
52;6.5;58
52;7;68
52;7.5;76
52;8;84
52;8.5;90
52;9;95
52;9.75;100
53;0;0
53;1;2
53;1.5;3
53;2;4
53;2.5;6
53;3;9
53;3.5;11
53;4;15
53;4.5;17
53;5;22
53;5.5;27
53;6;34
53;6.5;40
53;7;47
53;7.5;56
53;8;64
53;8.5;72
53;9;80
53;9.5;87
53;10;93
53;10.5;97
53;11;100
54;0;0
54;1;1
54;1.5;2
54;2;3
54;2.5;4
54;3;6
54;3.5;8
54;4;10
54;4.5;14
54;5;17
54;5.5;21
54;6;26
54;6.5;30
54;7;35
54;7.5;42
54;8;48
54;8.5;54
54;9;59
54;9.5;65
54;10;72
54;10.5;76
54;11;82
54;11.5;86
54;12;91
54;12.5;96
54;13;100
55;0;0
55;1;0
55;1.5;1
55;2;1
55;2.5;2
55;3;3
55;3.5;5
55;4;6
55;4.5;9
55;5;11
55;5.5;14
55;6;18
55;6.5;21
55;7;25
55;7.5;31
55;8;35
55;8.5;40
55;9;45
55;9.5;52
55;10;56
55;10.5;62
55;11;66
55;11.5;73
55;12;77
55;12.5;82
55;13;87
55;13.5;90
55;14;93
55;14.5;97
55;15;100
56;0;0
56;1;0
56;1.5;0
56;2;1
56;2.5;1
56;3;2
56;3.5;3
56;4;4
56;4.5;5
56;5;7
56;5.5;8
56;6;11
56;6.5;12
56;7;15
56;7.5;19
56;8;22
56;8.5;25
56;9;30
56;9.5;35
56;10;39
56;10.5;43
56;11;48
56;11.5;53
56;12;56
56;12.5;60
56;13;63
56;13.5;68
56;14;71
56;14.5;74
56;15;76
56;15.5;80
56;16;84
56;16.5;86
56;17;89
56;17.5;92
56;18;94
56;18.5;96
56;19;98
56;19.5;99
56;20;100
57;0;0
57;1;0
57;1.5;0
57;2;0
57;2.5;0
57;3;1
57;3.5;1
57;4;2
57;4.5;3
57;5;4
57;5.5;5
57;6;6
57;6.5;8
57;7;9
57;7.5;12
57;8;14
57;8.5;16
57;9;19
57;9.5;22
57;10;25
57;10.5;28
57;11;31
57;11.5;34
57;12;37
57;12.5;41
57;13;44
57;13.5;47
57;14;50
57;14.5;52
57;15;55
57;15.5;58
57;16;61
57;16.5;63
57;17;66
57;17.5;69
57;18;72
57;18.5;75
57;19;77
57;19.5;79
57;20;82
57;20.5;83
57;21;86
57;21.5;89
57;22;92
57;22.5;93
57;23;95
57;23.5;97
57;24;99
57;24.5;100
58;0;0
58;1;0
58;1.5;0
58;2;0
58;2.5;0
58;3;0
58;3.5;0
58;4;0
58;4.5;1
58;5;1
58;5.5;2
58;6;3
58;6.5;4
58;7;5
58;7.5;6
58;8;7
58;8.5;9
58;9;11
58;9.5;14
58;10;15
58;10.5;17
58;11;20
58;11.5;22
58;12;25
58;12.5;27
58;13;30
58;13.5;33
58;14;35
58;14.5;38
58;15;40
58;15.5;43
58;16;45
58;16.5;48
58;17;51
58;17.5;53
58;18;55
58;18.5;59
58;19;61
58;19.5;63
58;20;65
58;20.5;68
58;21;70
58;21.5;72
58;22;74
58;22.5;76
58;23;77
58;23.5;79
58;24;81
58;24.5;83
58;25;85
58;25.5;87
58;26;88
58;26.5;90
58;27;91
58;27.5;93
58;28;94
58;28.5;95
58;29;98
58;29.5;99
58;30;100
59;0;0
59;0.0625;24
59;0.125;40
59;0.1875;56
59;0.25;78
59;0.3125;86
59;0.375;93
59;0.4375;100
60;0;0
60;0.0625;16
60;0.125;26
60;0.1875;33
60;0.25;40
60;0.3125;48
60;0.375;60
60;0.4375;72
60;0.5;83
60;0.5625;93
60;0.625;98
60;0.65625;100
61;0;0
61;0.0625;10
61;0.125;18
61;0.1875;24
61;0.25;30
61;0.3125;35
61;0.375;40
61;0.4375;46
61;0.5;55
61;0.5625;65
61;0.625;75
61;0.6875;81
61;0.75;88
61;0.8125;92
61;0.875;97
61;0.9375;100
62;0;0
62;0.0625;7
62;0.125;11
62;0.1875;16
62;0.25;20
62;0.3125;24
62;0.375;28
62;0.4375;31
62;0.5;35
62;0.5625;39
62;0.625;44
62;0.6875;50
62;0.75;57
62;0.8125;64
62;0.875;73
62;0.9375;79
62;1;85
62;10.625;91
62;1.125;95
62;11.875;99
62;121.875;100
63;0;0
63;0.0625;5
63;0.125;10
63;0.1875;12
63;0.25;16
63;0.3125;19
63;0.375;22
63;0.4375;25
63;0.5;27
63;0.5625;30
63;0.625;32
63;0.6875;35
63;0.75;38
63;0.8125;41
63;0.875;44
63;0.9375;47
63;1;53
63;10.625;60
63;1.125;67
63;11.875;73
63;1.25;80
63;13.125;85
63;1.375;90
63;14.375;95
63;1.5;99
63;203.125;100
64;0;0
64;0.0625;4
64;0.125;7
64;0.1875;10
64;0.25;12
64;0.3125;15
64;0.375;17
64;0.4375;19
64;0.5;22
64;0.5625;24
64;0.625;26
64;0.6875;29
64;0.75;29
64;0.8125;31
64;0.875;33
64;0.9375;35
64;1;37
64;10.625;40
64;1.125;42
64;11.875;45
64;1.25;50
64;13.125;54
64;1.375;60
64;14.375;67
64;1.5;75
64;15.625;81
64;1.625;87
64;16.875;91
64;1.75;94
64;18.125;98
64;1.875;100
65;0;0
65;0.0625;24
65;0.125;40
65;0.1875;56
65;0.25;78
65;0.3125;86
65;0.375;93
65;0.4375;100
66;0;0
66;0.0625;16
66;0.125;26
66;0.1875;33
66;0.25;40
66;0.3125;48
66;0.375;60
66;0.4375;72
66;0.5;83
66;0.5625;93
66;0.625;98
66;0.65625;100
67;0;0
67;0.0625;10
67;0.125;18
67;0.1875;24
67;0.25;30
67;0.3125;35
67;0.375;40
67;0.4375;46
67;0.5;55
67;0.5625;65
67;0.625;75
67;0.6875;81
67;0.75;88
67;0.8125;92
67;0.875;97
67;0.9375;100
68;0;0
68;0.0625;7
68;0.125;11
68;0.1875;16
68;0.25;20
68;0.3125;24
68;0.375;28
68;0.4375;31
68;0.5;35
68;0.5625;39
68;0.625;44
68;0.6875;50
68;0.75;57
68;0.8125;64
68;0.875;73
68;0.9375;79
68;1;85
68;10.625;91
68;1.125;95
68;11.875;99
68;121.875;100
69;0;0
69;0.0625;5
69;0.125;10
69;0.1875;12
69;0.25;16
69;0.3125;19
69;0.375;22
69;0.4375;25
69;0.5;27
69;0.5625;30
69;0.625;32
69;0.6875;35
69;0.75;38
69;0.8125;41
69;0.875;44
69;0.9375;47
69;1;53
69;10.625;60
69;1.125;67
69;11.875;73
69;1.25;80
69;13.125;85
69;1.375;90
69;14.375;95
69;1.5;99
69;203.125;100
70;0;0
70;0.0625;4
70;0.125;7
70;0.1875;10
70;0.25;12
70;0.3125;15
70;0.375;17
70;0.4375;19
70;0.5;22
70;0.5625;24
70;0.625;26
70;0.6875;29
70;0.75;29
70;0.8125;31
70;0.875;33
70;0.9375;35
70;1;37
70;10.625;40
70;1.125;42
70;11.875;45
70;1.25;50
70;13.125;54
70;1.375;60
70;14.375;67
70;1.5;75
70;15.625;81
70;1.625;87
70;16.875;91
70;1.75;94
70;18.125;98
70;1.875;100
71;0;0
71;0.0625;11
71;0.125;22
71;0.1875;32
71;0.25;43
71;0.3125;58
71;0.375;70
71;0.4375;80
71;0.5;88
71;0.5625;95
71;0.625;100
72;0;0
72;0.0625;9
72;0.125;16
72;0.1875;22
72;0.25;28
72;0.3125;33
72;0.375;40
72;0.4375;48
72;0.5;55
72;0.5625;63
72;0.625;70
72;0.6875;78
72;0.75;84
72;0.8125;90
72;0.875;96
72;0.9375;100
73;0;0
73;0.0625;6
73;0.125;12
73;0.1875;16
73;0.25;20
73;0.3125;24
73;0.375;28
73;0.4375;32
73;0.5;35
73;0.5625;39
73;0.625;43
73;0.6875;49
73;0.75;55
73;0.8125;60
73;0.875;67
73;0.9375;73
73;1;79
73;10.625;85
73;1.125;90
73;11.875;95
73;1.25;98
73;128.125;100
74;0;0
74;0.0625;4
74;0.125;9
74;0.1875;12
74;0.25;16
74;0.3125;18
74;0.375;22
74;0.4375;24
74;0.5;26
74;0.5625;29
74;0.625;31
74;0.6875;33
74;0.75;36
74;0.8125;39
74;0.875;44
74;0.9375;48
74;1;53
74;10.625;59
74;1.125;64
74;11.875;70
74;1.25;76
74;13.125;81
74;1.375;86
74;14.375;91
74;1.5;95
74;15.625;100
75;0;0
75;0.0625;3
75;0.125;6
75;0.1875;9
75;0.25;12
75;0.3125;14
75;0.375;16
75;0.4375;18
75;0.5;20
75;0.5625;22
75;0.625;25
75;0.6875;27
75;0.75;29
75;0.8125;31
75;0.875;33
75;0.9375;36
75;1;38
75;10.625;41
75;1.125;45
75;11.875;49
75;1.25;55
75;13.125;59
75;1.375;65
75;14.375;70
75;1.5;75
75;15.625;80
75;1.625;85
75;16.875;89
75;1.75;93
75;18.125;97
75;178.125;100
76;0;0
76;0.0625;2
76;0.125;4
76;0.1875;6
76;0.25;8
76;0.3125;10
76;0.375;12
76;0.4375;14
76;0.5;15
76;0.5625;17
76;0.625;19
76;0.6875;21
76;0.75;22
76;0.8125;24
76;0.875;26
76;0.9375;28
76;1;30
76;10.625;33
76;1.125;37
76;11.875;40
76;1.25;44
76;13.125;48
76;1.375;52
76;14.375;56
76;1.5;59
76;15.625;62
76;1.625;66
76;16.875;69
76;1.75;72
76;18.125;75
76;1.875;79
76;19.375;82
76;2;84
76;20.625;88
76;2.125;90
76;21.875;93
76;2.25;95
76;23.125;98
76;2.375;100
77;0;0
77;0.0625;1
77;0.125;4
77;0.1875;5
77;0.25;6
77;0.3125;8
77;0.375;9
77;0.4375;10
77;0.5;11
77;0.5625;12
77;0.625;13
77;0.6875;15
77;0.75;16
77;0.8125;17
77;0.875;18
77;0.9375;20
77;1;21
77;10.625;23
77;1.125;25
77;11.875;27
77;1.25;29
77;13.125;31
77;1.375;34
77;14.375;36
77;1.5;38
77;15.625;41
77;1.625;43
77;16.875;46
77;1.75;48
77;18.125;51
77;1.875;54
77;19.375;57
77;2;59
77;20.625;62
77;2.125;65
77;21.875;66
77;2.25;70
77;23.125;72
77;2.375;75
77;24.375;77
77;2.5;80
77;25.625;96
78;0;0
78;0.0625;11
78;0.125;22
78;0.1875;32
78;0.25;43
78;0.3125;58
78;0.375;70
78;0.4375;80
78;0.5;88
78;0.5625;95
78;0.625;100
79;0;0
79;0.0625;9
79;0.125;16
79;0.1875;22
79;0.25;28
79;0.3125;33
79;0.375;40
79;0.4375;48
79;0.5;55
79;0.5625;63
79;0.625;70
79;0.6875;78
79;0.75;84
79;0.8125;90
79;0.875;96
79;0.9375;100
80;0;0
80;0.0625;6
80;0.125;12
80;0.1875;16
80;0.25;20
80;0.3125;24
80;0.375;28
80;0.4375;32
80;0.5;35
80;0.5625;39
80;0.625;43
80;0.6875;49
80;0.75;55
80;0.8125;60
80;0.875;67
80;0.9375;73
80;1;79
80;10.625;85
80;1.125;90
80;11.875;95
80;1.25;98
80;128.125;100
81;0;0
81;0.0625;4
81;0.125;9
81;0.1875;12
81;0.25;16
81;0.3125;18
81;0.375;22
81;0.4375;24
81;0.5;26
81;0.5625;29
81;0.625;31
81;0.6875;33
81;0.75;36
81;0.8125;39
81;0.875;44
81;0.9375;48
81;1;53
81;10.625;59
81;1.125;64
81;11.875;70
81;1.25;76
81;13.125;81
81;1.375;86
81;14.375;91
81;1.5;95
81;15.625;100
82;0;0
82;0.0625;3
82;0.125;6
82;0.1875;9
82;0.25;12
82;0.3125;14
82;0.375;16
82;0.4375;18
82;0.5;20
82;0.5625;22
82;0.625;25
82;0.6875;27
82;0.75;29
82;0.8125;31
82;0.875;33
82;0.9375;36
82;1;38
82;10.625;41
82;1.125;45
82;11.875;49
82;1.25;55
82;13.125;59
82;1.375;65
82;14.375;70
82;1.5;75
82;15.625;80
82;1.625;85
82;16.875;89
82;1.75;93
82;18.125;97
82;178.125;100
83;0;0
83;0.0625;2
83;0.125;4
83;0.1875;6
83;0.25;8
83;0.3125;10
83;0.375;12
83;0.4375;14
83;0.5;15
83;0.5625;17
83;0.625;19
83;0.6875;21
83;0.75;22
83;0.8125;24
83;0.875;26
83;0.9375;28
83;1;30
83;10.625;33
83;1.125;37
83;11.875;40
83;1.25;44
83;13.125;48
83;1.375;52
83;14.375;56
83;1.5;59
83;15.625;62
83;1.625;66
83;16.875;69
83;1.75;72
83;18.125;75
83;1.875;79
83;19.375;82
83;2;84
83;20.625;88
83;2.125;90
83;21.875;93
83;2.25;95
83;23.125;98
83;2.375;100
84;0;0
84;0.0625;1
84;0.125;4
84;0.1875;5
84;0.25;6
84;0.3125;8
84;0.375;9
84;0.4375;10
84;0.5;11
84;0.5625;12
84;0.625;13
84;0.6875;15
84;0.75;16
84;0.8125;17
84;0.875;18
84;0.9375;20
84;1;21
84;10.625;23
84;1.125;25
84;11.875;27
84;1.25;29
84;13.125;31
84;1.375;34
84;14.375;36
84;1.5;38
84;15.625;41
84;1.625;43
84;16.875;46
84;1.75;48
84;18.125;51
84;1.875;54
84;19.375;57
84;2;59
84;20.625;62
84;2.125;65
84;21.875;66
84;2.25;70
84;23.125;72
84;2.375;75
84;24.375;77
84;2.5;80
84;25.625;96
85;0;0
85;0.0625;11
85;0.125;22
85;0.1875;32
85;0.25;43
85;0.3125;58
85;0.375;70
85;0.4375;80
85;0.5;88
85;0.5625;95
85;0.625;100
86;0;0
86;0.0625;9
86;0.125;16
86;0.1875;22
86;0.25;28
86;0.3125;33
86;0.375;40
86;0.4375;48
86;0.5;55
86;0.5625;63
86;0.625;70
86;0.6875;78
86;0.75;84
86;0.8125;90
86;0.875;96
86;0.9375;100
87;0;0
87;0.0625;6
87;0.125;12
87;0.1875;16
87;0.25;20
87;0.3125;24
87;0.375;28
87;0.4375;32
87;0.5;35
87;0.5625;39
87;0.625;43
87;0.6875;49
87;0.75;55
87;0.8125;60
87;0.875;67
87;0.9375;73
87;1;79
87;10.625;85
87;1.125;90
87;11.875;95
87;1.25;98
87;128.125;100
88;0;0
88;0.0625;4
88;0.125;9
88;0.1875;12
88;0.25;16
88;0.3125;18
88;0.375;22
88;0.4375;24
88;0.5;26
88;0.5625;29
88;0.625;31
88;0.6875;33
88;0.75;36
88;0.8125;39
88;0.875;44
88;0.9375;48
88;1;53
88;10.625;59
88;1.125;64
88;11.875;70
88;1.25;76
88;13.125;81
88;1.375;86
88;14.375;91
88;1.5;95
88;15.625;100
89;0;0
89;0.0625;3
89;0.125;6
89;0.1875;9
89;0.25;12
89;0.3125;14
89;0.375;16
89;0.4375;18
89;0.5;20
89;0.5625;22
89;0.625;25
89;0.6875;27
89;0.75;29
89;0.8125;31
89;0.875;33
89;0.9375;36
89;1;38
89;10.625;41
89;1.125;45
89;11.875;49
89;1.25;55
89;13.125;59
89;1.375;65
89;14.375;70
89;1.5;75
89;15.625;80
89;1.625;85
89;16.875;89
89;1.75;93
89;18.125;97
89;178.125;100
90;0;0
90;0.0625;2
90;0.125;4
90;0.1875;6
90;0.25;8
90;0.3125;10
90;0.375;12
90;0.4375;14
90;0.5;15
90;0.5625;17
90;0.625;19
90;0.6875;21
90;0.75;22
90;0.8125;24
90;0.875;26
90;0.9375;28
90;1;30
90;10.625;33
90;1.125;37
90;11.875;40
90;1.25;44
90;13.125;48
90;1.375;52
90;14.375;56
90;1.5;59
90;15.625;62
90;1.625;66
90;16.875;69
90;1.75;72
90;18.125;75
90;1.875;79
90;19.375;82
90;2;84
90;20.625;88
90;2.125;90
90;21.875;93
90;2.25;95
90;23.125;98
90;2.375;100
91;0;0
91;0.0625;1
91;0.125;4
91;0.1875;5
91;0.25;6
91;0.3125;8
91;0.375;9
91;0.4375;10
91;0.5;11
91;0.5625;12
91;0.625;13
91;0.6875;15
91;0.75;16
91;0.8125;17
91;0.875;18
91;0.9375;20
91;1;21
91;10.625;23
91;1.125;25
91;11.875;27
91;1.25;29
91;13.125;31
91;1.375;34
91;14.375;36
91;1.5;38
91;15.625;41
91;1.625;43
91;16.875;46
91;1.75;48
91;18.125;51
91;1.875;54
91;19.375;57
91;2;59
91;20.625;62
91;2.125;65
91;21.875;66
91;2.25;70
91;23.125;72
91;2.375;75
91;24.375;77
91;2.5;80
91;25.625;96
92;0;0
92;0.0625;12
92;0.125;24
92;0.1875;32
92;0.25;40
92;0.3125;50
92;0.375;58
92;0.4375;66
92;0.5;75
92;0.5625;82
92;0.625;87
92;0.6875;93
92;0.75;98
92;0.8125;100
93;0;0
93;0.0625;11
93;0.125;17
93;0.1875;24
93;0.25;30
93;0.3125;37
93;0.375;43
93;0.4375;50
93;0.5;58
93;0.5625;64
93;0.625;70
93;0.6875;77
93;0.75;83
93;0.8125;88
93;0.875;93
93;0.9375;96
93;1;99
93;103.125;100
94;0;0
94;0.125;13
94;0.25;22
94;0.375;32
94;0.5;41
94;0.625;52
94;0.75;65
94;0.875;76
94;1;86
94;1.125;95
94;11.875;100
95;0;0
95;0.125;11
95;0.25;18
95;0.375;24
95;0.5;30
95;0.625;37
95;0.75;44
95;0.875;50
95;1;59
95;1.125;71
95;1.25;81
95;1.375;90
95;1.5;98
95;153.125;100
96;0;0
96;0.125;10
96;0.25;15
96;0.375;20
96;0.5;25
96;0.625;29
96;0.75;34
96;0.875;37
96;1;43
96;1.125;47
96;1.25;56
96;1.375;64
96;1.5;76
96;1.625;86
96;1.75;94
96;1.875;100
97;0;0
97;0.125;8
97;0.25;13
97;0.375;17
97;0.5;20
97;0.625;24
97;0.75;27
97;0.875;29
97;1;32
97;1.125;35
97;1.25;40
97;1.375;46
97;1.5;54
97;1.625;63
97;1.75;72
97;1.875;79
97;2;87
97;2.125;95
97;2.25;100
98;0;0
98;0.25;7
98;0.5;12
98;0.75;17
98;1;22
98;1.25;28
98;1.5;36
98;1.75;45
98;2;56
98;2.25;68
98;2.5;78
98;2.75;85
98;3;90
98;3.25;95
98;3.5;98
98;35.625;100
99;0;0
99;0.25;4
99;0.5;9
99;0.75;14
99;1;18
99;1.25;22
99;1.5;28
99;1.75;37
99;2;45
99;2.25;52
99;2.5;60
99;2.75;69
99;3;77
99;3.25;83
99;3.5;88
99;3.75;92
100;0;0
100;0.0625;12
100;0.125;24
100;0.1875;32
100;0.25;40
100;0.3125;50
100;0.375;58
100;0.4375;66
100;0.5;75
100;0.5625;82
100;0.625;87
100;0.6875;93
100;0.75;98
100;0.8125;100
101;0;0
101;0.0625;11
101;0.125;17
101;0.1875;24
101;0.25;30
101;0.3125;37
101;0.375;43
101;0.4375;50
101;0.5;58
101;0.5625;64
101;0.625;70
101;0.6875;77
101;0.75;83
101;0.8125;88
101;0.875;93
101;0.9375;96
101;1;99
101;103.125;100
102;0;0
102;0.125;13
102;0.25;22
102;0.375;32
102;0.5;41
102;0.625;52
102;0.75;65
102;0.875;76
102;1;86
102;1.125;95
102;11.875;100
103;0;0
103;0.125;11
103;0.25;18
103;0.375;24
103;0.5;30
103;0.625;37
103;0.75;44
103;0.875;50
103;1;59
103;1.125;71
103;1.25;81
103;1.375;90
103;1.5;98
103;153.125;100
104;0;0
104;0.125;10
104;0.25;15
104;0.375;20
104;0.5;25
104;0.625;29
104;0.75;34
104;0.875;37
104;1;43
104;1.125;47
104;1.25;56
104;1.375;64
104;1.5;76
104;1.625;86
104;1.75;94
104;1.875;100
105;0;0
105;0.125;8
105;0.25;13
105;0.375;17
105;0.5;20
105;0.625;24
105;0.75;27
105;0.875;29
105;1;32
105;1.125;35
105;1.25;40
105;1.375;46
105;1.5;54
105;1.625;63
105;1.75;72
105;1.875;79
105;2;87
105;2.125;95
105;2.25;100
106;0;0
106;0.25;7
106;0.5;12
106;0.75;17
106;1;22
106;1.25;28
106;1.5;36
106;1.75;45
106;2;56
106;2.25;68
106;2.5;78
106;2.75;85
106;3;90
106;3.25;95
106;3.5;98
106;35.625;100
107;0;0
107;0.25;4
107;0.5;9
107;0.75;14
107;1;18
107;1.25;22
107;1.5;28
107;1.75;37
107;2;45
107;2.25;52
107;2.5;60
107;2.75;69
107;3;77
107;3.25;83
107;3.5;88
107;3.75;92
108;0;0
108;0.0625;12
108;0.125;24
108;0.1875;32
108;0.25;40
108;0.3125;50
108;0.375;58
108;0.4375;66
108;0.5;75
108;0.5625;82
108;0.625;87
108;0.6875;93
108;0.75;98
108;0.8125;100
109;0;0
109;0.0625;11
109;0.125;17
109;0.1875;24
109;0.25;30
109;0.3125;37
109;0.375;43
109;0.4375;50
109;0.5;58
109;0.5625;64
109;0.625;70
109;0.6875;77
109;0.75;83
109;0.8125;88
109;0.875;93
109;0.9375;96
109;1;99
109;103.125;100
110;0;0
110;0.125;13
110;0.25;22
110;0.375;32
110;0.5;41
110;0.625;52
110;0.75;65
110;0.875;76
110;1;86
110;1.125;95
110;11.875;100
111;0;0
111;0.125;11
111;0.25;18
111;0.375;24
111;0.5;30
111;0.625;37
111;0.75;44
111;0.875;50
111;1;59
111;1.125;71
111;1.25;81
111;1.375;90
111;1.5;98
111;153.125;100
112;0;0
112;0.125;10
112;0.25;15
112;0.375;20
112;0.5;25
112;0.625;29
112;0.75;34
112;0.875;37
112;1;43
112;1.125;47
112;1.25;56
112;1.375;64
112;1.5;76
112;1.625;86
112;1.75;94
112;1.875;100
113;0;0
113;0.125;8
113;0.25;13
113;0.375;17
113;0.5;20
113;0.625;24
113;0.75;27
113;0.875;29
113;1;32
113;1.125;35
113;1.25;40
113;1.375;46
113;1.5;54
113;1.625;63
113;1.75;72
113;1.875;79
113;2;87
113;2.125;95
113;2.25;100
114;0;0
114;0.25;7
114;0.5;12
114;0.75;17
114;1;22
114;1.25;28
114;1.5;36
114;1.75;45
114;2;56
114;2.25;68
114;2.5;78
114;2.75;85
114;3;90
114;3.25;95
114;3.5;98
114;35.625;100
115;0;0
115;0.25;4
115;0.5;9
115;0.75;14
115;1;18
115;1.25;22
115;1.5;28
115;1.75;37
115;2;45
115;2.25;52
115;2.5;60
115;2.75;69
115;3;77
115;3.25;83
115;3.5;88
115;3.75;92
116;0;0
116;0.0625;5
116;0.125;10
116;0.1875;17
116;0.25;22
116;0.3125;28
116;0.375;34
116;0.4375;37
116;0.5;41
116;0.5625;46
116;0.625;50
116;0.6875;55
116;0.75;60
116;0.8125;68
116;0.875;74
116;0.9375;80
116;1;85
116;10.625;89
116;1.125;93
116;11.875;97
116;1.25;100
117;0;0
117;0.0625;3
117;0.125;9
117;0.1875;13
117;0.25;16
117;0.3125;20
117;0.375;25
117;0.4375;27
117;0.5;30
117;0.5625;34
117;0.625;37
117;0.6875;40
117;0.75;44
117;0.8125;47
117;0.875;51
117;0.9375;55
117;1;60
117;10.625;66
117;1.125;70
117;11.875;75
117;1.25;80
117;13.125;86
117;1.375;90
117;14.375;95
117;1.5;98
117;15.625;100
118;0;0
118;0.0625;3
118;0.125;7
118;0.1875;10
118;0.25;15
118;0.3125;17
118;0.375;20
118;0.4375;22
118;0.5;25
118;0.5625;28
118;0.625;29
118;0.6875;31
118;0.75;34
118;0.8125;36
118;0.875;38
118;0.9375;40
118;1;43
118;10.625;45
118;1.125;49
118;11.875;52
118;1.25;55
118;13.125;60
118;1.375;65
118;14.375;70
118;1.5;75
118;15.625;80
118;1.625;85
118;16.875;90
118;1.75;95
118;18.125;100
119;0;0
119;0.0625;2
119;0.125;6
119;0.1875;9
119;0.25;12
119;0.3125;15
119;0.375;17
119;0.4375;7
119;0.5;20
119;0.5625;21
119;0.625;23
119;0.6875;24
119;0.75;26
119;0.8125;28
119;0.875;30
119;0.9375;31
119;1;33
119;10.625;36
119;1.125;38
119;11.875;39
119;1.25;12
119;13.125;45
119;1.375;15
119;14.375;50
119;1.5;55
119;15.625;59
119;1.625;62
119;16.875;66
119;1.75;70
119;18.125;75
119;1.875;80
119;19.375;85
119;2;88
119;20.625;91
119;2.125;95
119;21.875;98
119;2.25;100
120;0;0
120;0.0625;0
120;0.125;2
120;0.1875;5
120;0.25;7
120;0.3125;8
120;0.375;10
120;0.4375;12
120;0.5;13
120;0.5625;15
120;0.625;16
120;0.6875;17
120;0.75;18
120;0.8125;19
120;0.875;21
120;0.9375;22
120;1;23
120;10.625;25
120;1.125;26
120;11.875;27
120;1.25;29
120;13.125;30
120;1.375;32
120;14.375;34
120;1.5;36
120;15.625;37
120;1.625;39
120;16.875;41
120;1.75;44
120;18.125;47
120;1.875;50
120;19.375;52
120;2;55
120;20.625;58
120;2.125;61
120;21.875;65
120;2.25;67
120;23.125;70
120;2.375;73
120;24.375;75
120;2.5;79
120;25.625;83
120;2.625;85
120;26.875;87
120;2.75;89
120;28.125;91
120;2.875;93
120;29.375;95
120;3;97
120;30.625;98
120;3.125;100
120;31.875;100
121;0;0
121;0.0625;0
121;0.125;0
121;0.1875;3
121;0.25;4
121;0.3125;6
121;0.375;7
121;0.4375;8
121;0.5;9
121;0.5625;10
121;0.625;11
121;0.6875;12
121;0.75;13
121;0.8125;14
121;0.875;15
121;0.9375;15
121;1;16
121;10.625;17
121;1.125;18
121;11.875;19
121;1.25;20
121;13.125;21
121;1.375;22
121;14.375;23
121;1.5;24
121;15.625;26
121;1.625;27
121;16.875;28
121;1.75;29
121;18.125;31
121;1.875;33
121;19.375;35
121;2;37
121;20.625;38
121;2.125;40
121;21.875;42
121;2.25;44
121;23.125;47
121;2.375;49
121;24.375;51
121;2.5;54
121;25.625;57
121;2.625;59
121;26.875;62
121;2.75;63
121;28.125;67
121;2.875;70
121;29.375;72
121;3;74
121;30.625;77
121;3.125;80
121;31.875;82
121;3.25;84
121;33.125;86
121;3.375;88
121;34.375;89
121;3.5;91
121;35.625;92
121;3.625;95
121;36.875;96
121;3.75;97
121;38.125;98
121;3.875;99
121;39.375;99
121;4;100
122;0;0
122;0.0625;5
122;0.125;10
122;0.1875;17
122;0.25;22
122;0.3125;28
122;0.375;34
122;0.4375;37
122;0.5;41
122;0.5625;46
122;0.625;50
122;0.6875;55
122;0.75;60
122;0.8125;68
122;0.875;74
122;0.9375;80
122;1;85
122;10.625;89
122;1.125;93
122;11.875;97
122;1.25;100
123;0;0
123;0.0625;3
123;0.125;9
123;0.1875;13
123;0.25;16
123;0.3125;20
123;0.375;25
123;0.4375;27
123;0.5;30
123;0.5625;34
123;0.625;37
123;0.6875;40
123;0.75;44
123;0.8125;47
123;0.875;51
123;0.9375;55
123;1;60
123;10.625;66
123;1.125;70
123;11.875;75
123;1.25;80
123;13.125;86
123;1.375;90
123;14.375;95
123;1.5;98
123;15.625;100
124;0;0
124;0.0625;3
124;0.125;7
124;0.1875;10
124;0.25;15
124;0.3125;17
124;0.375;20
124;0.4375;22
124;0.5;25
124;0.5625;28
124;0.625;29
124;0.6875;31
124;0.75;34
124;0.8125;36
124;0.875;38
124;0.9375;40
124;1;43
124;10.625;45
124;1.125;49
124;11.875;52
124;1.25;55
124;13.125;60
124;1.375;65
124;14.375;70
124;1.5;75
124;15.625;80
124;1.625;85
124;16.875;90
124;1.75;95
124;18.125;100
125;0;0
125;0.0625;2
125;0.125;6
125;0.1875;9
125;0.25;12
125;0.3125;15
125;0.375;17
125;0.4375;7
125;0.5;20
125;0.5625;21
125;0.625;23
125;0.6875;24
125;0.75;26
125;0.8125;28
125;0.875;30
125;0.9375;31
125;1;33
125;10.625;36
125;1.125;38
125;11.875;39
125;1.25;12
125;13.125;45
125;1.375;15
125;14.375;50
125;1.5;55
125;15.625;59
125;1.625;62
125;16.875;66
125;1.75;70
125;18.125;75
125;1.875;80
125;19.375;85
125;2;88
125;20.625;91
125;2.125;95
125;21.875;98
125;2.25;100
126;0;0
126;0.0625;0
126;0.125;2
126;0.1875;5
126;0.25;7
126;0.3125;8
126;0.375;10
126;0.4375;12
126;0.5;13
126;0.5625;15
126;0.625;16
126;0.6875;17
126;0.75;18
126;0.8125;19
126;0.875;21
126;0.9375;22
126;1;23
126;10.625;25
126;1.125;26
126;11.875;27
126;1.25;29
126;13.125;30
126;1.375;32
126;14.375;34
126;1.5;36
126;15.625;37
126;1.625;39
126;16.875;41
126;1.75;44
126;18.125;47
126;1.875;50
126;19.375;52
126;2;55
126;20.625;58
126;2.125;61
126;21.875;65
126;2.25;67
126;23.125;70
126;2.375;73
126;24.375;75
126;2.5;79
126;25.625;83
126;2.625;85
126;26.875;87
126;2.75;89
126;28.125;91
126;2.875;93
126;29.375;95
126;3;97
126;30.625;98
126;3.125;100
126;31.875;100
127;0;0
127;0.0625;0
127;0.125;0
127;0.1875;3
127;0.25;4
127;0.3125;6
127;0.375;7
127;0.4375;8
127;0.5;9
127;0.5625;10
127;0.625;11
127;0.6875;12
127;0.75;13
127;0.8125;14
127;0.875;15
127;0.9375;15
127;1;16
127;10.625;17
127;1.125;18
127;11.875;19
127;1.25;20
127;13.125;21
127;1.375;22
127;14.375;23
127;1.5;24
127;15.625;26
127;1.625;27
127;16.875;28
127;1.75;29
127;18.125;31
127;1.875;33
127;19.375;35
127;2;37
127;20.625;38
127;2.125;40
127;21.875;42
127;2.25;44
127;23.125;47
127;2.375;49
127;24.375;51
127;2.5;54
127;25.625;57
127;2.625;59
127;26.875;62
127;2.75;63
127;28.125;67
127;2.875;70
127;29.375;72
127;3;74
127;30.625;77
127;3.125;80
127;31.875;82
127;3.25;84
127;33.125;86
127;3.375;88
127;34.375;89
127;3.5;91
127;35.625;92
127;3.625;95
127;36.875;96
127;3.75;97
127;38.125;98
127;3.875;99
127;39.375;99
127;4;100
